A549-ACE2_SARS-CoV-2_3_MOI_0.2,,,,,,,,,A549-ACE2_SARS-CoV-2_3_MOI_2,,,,,,,,,,,,,
1,,,2,,,3,,,1,,,2,,,3,,,,,,,
SNP,count,,SNP,count,,SNP,count,,SNP,count,,SNP,count,,SNP,count,,SNP,count,,,
A > C,2,,A > C,1,,,,,A > C,2,,A > C,3,,A > C,6,,A > C,14,,transition,34
A > G,3,,A > G,1,,A > G,1,,A > G,6,,A > G,6,,A > G,4,,A > G,21,,tranversion,15.125
A > T,2,,A > T,1,,A > T,1,,A > T,5,,A > T,4,,A > T,5,,A > T,18,,,
C > A,4,,C > A,2,,,,,C > A,3,,C > A,5,,C > A,5,,C > A,19,,,2.247933884
C > G,2,,C > G,1,,C > G,1,,,,,C > G,1,,,,,C > G,5,,,
C > T,14,,C > T,8,,C > T,2,,C > T,22,,C > T,21,,C > T,14,,C > T,81,,,
G > A,6,,G > A,2,,G > A,1,,G > A,4,,G > A,1,,G > A,1,,G > A,15,,,
,,,G > C,2,,,,,G > C,1,,G > C,1,,G > C,3,,G > C,7,,,
G > T,4,,,,,G > T,1,,G > T,6,,G > T,9,,G > T,13,,G > T,33,,,
T > A,2,,T > A,1,,,,,,,,T > A,6,,T > A,1,,T > A,10,,,
T > C,9,,T > C,1,,T > C,1,,T > C,3,,T > C,4,,T > C,1,,T > C,19,,,
T > G,2,,,,,,,,T > G,7,,T > G,4,,T > G,2,,T > G,15,,,
